id,name,email,created_at
1,Juan García,juan@example.com,2024-01-15
2,María López,maria@example.com,2024-02-20
3,Carlos Ruiz,carlos@example.com,2024-03-10
4,Ana Martínez,ana@example.com,2024-03-25
5,Pedro Sánchez,pedro@example.com,2024-04-01
6,Laura Fernández,laura@example.com,2024-04-10
7,Diego Torres,diego@example.com,2024-04-15
8,Carmen Vega,carmen@example.com,2024-05-01
9,Roberto Díaz,roberto@example.com,2024-05-12
10,Elena Moreno,elena@example.com,2024-05-20
11,Francisco Gil,francisco@example.com,2024-06-01
12,Isabel Navarro,isabel@example.com,2024-06-15
13,Antonio Romero,antonio@example.com,2024-06-22
14,Sofía Herrera,sofia@example.com,2024-07-01
15,Manuel Jiménez,manuel@example.com,2024-07-10
